item_no,condition,advTYPE,model,surprisal_region2,surprisal_region3,surprisal_critical_token,surprisal_region2_PLL_word_l2r,surprisal_region3_PLL_word_l2r,surprisal_critical_token_PLL_word_l2r
33,EN_Word_order,frequency,mbert,4.740487560629845,12.834353923797607,3.7210049629211426,7.379565462470055,12.834353923797607,3.7210049629211426
33,FR_Word_order,frequency,mbert,9.236046239733696,13.070026159286499,7.901066780090332,13.896698042750359,13.070026159286499,7.901066780090332
34,EN_Word_order,frequency,mbert,8.077010326087475,8.13026311993599,7.7658772468566895,15.024698659777641,8.13026311993599,7.7658772468566895
34,FR_Word_order,frequency,mbert,8.288478389382362,7.931291610002518,7.605786323547363,16.451854713261127,7.931291610002518,7.605786323547363
35,EN_Word_order,frequency,mbert,9.376345083117485,6.862903743982315,8.172842025756836,11.6147141456604,6.862903743982315,8.172842025756836
35,FR_Word_order,frequency,mbert,11.601394280791283,6.113760888576508,11.04603385925293,17.911677286028862,6.113760888576508,11.04603385925293
36,EN_Word_order,frequency,mbert,7.718055248260498,13.37264770269394,5.6307373046875,7.718055248260498,13.37264770269394,5.6307373046875
36,FR_Word_order,frequency,mbert,15.798201560974121,12.856580197811127,10.792550086975098,15.798201560974121,12.856580197811127,10.792550086975098
37,EN_Word_order,frequency,mbert,6.881800889968872,5.188272841274738,4.832823276519775,6.881800889968872,12.552511177957058,4.832823276519775
37,FR_Word_order,frequency,mbert,12.22912311553955,4.760531507432461,8.573354721069336,12.22912311553955,12.633751422166824,8.573354721069336
38,EN_Word_order,frequency,mbert,12.950803756713867,8.685537353157997,5.625215530395508,12.950803756713867,16.065134063363075,5.625215530395508
38,FR_Word_order,frequency,mbert,20.266307830810547,8.292730540037155,10.429574966430664,20.266307830810547,15.485885113477707,10.429574966430664
39,EN_Word_order,frequency,mbert,6.146501898765564,7.555591940879822,4.941277503967285,6.146501898765564,7.555591940879822,4.941277503967285
39,FR_Word_order,frequency,mbert,14.55852746963501,7.042011737823486,10.284360885620117,14.55852746963501,7.042011737823486,10.284360885620117
40,EN_Word_order,frequency,mbert,5.832398895174265,8.894826650619507,3.730041265487671,10.528913497924805,8.894826650619507,3.730041265487671
40,FR_Word_order,frequency,mbert,10.192599710077047,9.532780647277832,8.568639755249023,14.978453159332275,9.532780647277832,8.568639755249023
41,EN_Word_order,frequency,mbert,10.14084792137146,11.27224800735712,3.7693703174591064,10.14084792137146,11.27224800735712,3.7693703174591064
41,FR_Word_order,frequency,mbert,13.714219093322754,12.492074318230152,4.965329170227051,13.714219093322754,12.492074318230152,4.965329170227051
42,EN_Word_order,frequency,mbert,7.921661853790283,1.7399161383509636,4.1595659255981445,7.921661853790283,8.911755613982677,4.1595659255981445
42,FR_Word_order,frequency,mbert,15.158246517181396,1.2609524875879288,8.17340087890625,15.158246517181396,7.0994533598423,8.17340087890625
43,EN_Word_order,manner,mbert,3.149898353847675,3.290585421025753,1.8015578425256535,11.018867198261432,7.784883793443441,9.67052668693941
43,FR_Word_order,manner,mbert,2.9807781502604485,5.994614530354738,1.3801479861140251,8.786860637366772,10.43418476358056,7.186230473220348
44,EN_Word_order,manner,mbert,7.071506023406982,6.224938131868839,4.724071025848389,7.071506023406982,6.224938131868839,4.724071025848389
44,FR_Word_order,manner,mbert,12.158212184906006,6.41571119427681,7.806471824645996,12.158212184906006,6.41571119427681,7.806471824645996
45,EN_Word_order,manner,mbert,7.891907572746277,1.3098140992224216,4.015524744987488,15.312347769737244,19.842956975102425,11.435964941978455
45,FR_Word_order,manner,mbert,11.304030928760767,1.786382794380188,5.380122695118189,16.86850455775857,21.11290630698204,10.944596324115992
46,EN_Word_order,manner,mbert,17.583319664001465,8.773803234100342,8.708490371704102,17.583319664001465,8.773803234100342,8.708490371704102
46,FR_Word_order,manner,mbert,20.325411796569824,8.0241117477417,10.245051383972168,20.325411796569824,8.0241117477417,10.245051383972168
47,EN_Word_order,manner,mbert,4.727116093039513,20.480847716331482,0.7972380816936493,24.152820445597172,20.480847716331482,10.045338355004787
47,FR_Word_order,manner,mbert,5.045762337744236,20.137024343013763,1.3685504421591759,26.51566679775715,20.137024343013763,10.901504784822464
48,EN_Word_order,manner,mbert,13.505816837772727,7.0595338344573975,7.0159872975200415,19.00489558838308,7.0595338344573975,12.515066048130393
48,FR_Word_order,manner,mbert,13.119066298007965,8.12150239944458,6.907298147678375,19.755573332309723,8.12150239944458,13.543805181980133
49,EN_Word_order,manner,mbert,7.555474189226516,14.915746226906776,2.098013785784133,17.004061025683768,14.915746226906776,11.546600622241385
49,FR_Word_order,manner,mbert,8.994017923076171,14.976150788366795,2.1846021058154292,22.25063976069214,14.976150788366795,15.441223943431396
50,EN_Word_order,manner,mbert,8.011648754123598,10.19907193724066,3.546449283603579,16.626447299961,16.035081326961517,12.161247829440981
50,FR_Word_order,manner,mbert,9.92395956069231,9.850689047016203,5.303035087883472,14.638720817863941,15.568718194961548,10.017796345055103
51,EN_Word_order,manner,mbert,4.609629207610851,4.329384088516235,0.03408606848097406,17.913165423087776,9.433493971824646,11.998272537253797
51,FR_Word_order,manner,mbert,5.039614418405108,4.707328379154205,0.6819538491545245,19.096171356737614,9.951909124851227,12.291489779949188
52,EN_Word_order,manner,mbert,7.871908500790596,8.594405837357044,2.0596583634614944,18.615260913968086,14.509939260780811,12.803010776638985
52,FR_Word_order,manner,mbert,10.105875462293625,11.122269190847874,2.5565323531627655,21.84305691719055,17.062486566603184,14.293713808059692
53,EN_Word_order,manner,mbert,7.506696194410324,11.178857281804085,1.2427086532115936,16.966292589902878,11.178857281804085,10.702305048704147
53,FR_Word_order,manner,mbert,9.142580032348633,11.46702155470848,3.076634407043457,15.240188956260681,11.46702155470848,9.174243330955505
54,EN_Word_order,manner,mbert,13.26479721069336,10.857780743157491,6.704021453857422,13.26479721069336,13.528853399911895,6.704021453857422
54,FR_Word_order,manner,mbert,17.41190004348755,9.868802363460418,7.21938943862915,17.41190004348755,13.20923926535761,7.21938943862915
55,EN_Word_order,manner,mbert,8.42443442903459,10.741180539131165,8.177228927612305,16.510258346796036,26.83356285095215,8.177228927612305
55,FR_Word_order,manner,mbert,13.2599852620624,10.80856841802597,12.94514274597168,23.154831275343895,26.77873122692108,12.94514274597168
56,EN_Word_order,manner,mbert,7.9344522170722485,9.548962760716677,4.164161842316389,13.681664627045393,21.154526352882385,9.911374252289534
56,FR_Word_order,manner,mbert,8.678324222564697,11.67885173484683,4.51211404800415,11.992889165878296,22.976476907730103,7.826678991317749
57,EN_Word_order,manner,mbert,8.368251467123628,12.736622720956802,4.34369339980185,16.26455750502646,12.736622720956802,12.239999437704682
57,FR_Word_order,manner,mbert,12.356235405430198,13.902652502059937,6.5203913655132055,18.70227994583547,13.902652502059937,12.866435905918479
58,EN_Word_order,manner,mbert,2.272974109277129,7.8416250348091125,0.17450652085244656,14.322175236418843,7.8416250348091125,12.22370764799416
58,FR_Word_order,manner,mbert,2.464258052408695,7.976538985967636,0.40674886852502823,11.118258446455002,7.976538985967636,9.060749262571335
59,EN_Word_order,manner,mbert,16.759285926818848,4.7717244029045105,10.368631362915039,16.759285926818848,12.112300097942352,10.368631362915039
59,FR_Word_order,manner,mbert,19.443195343017578,8.259923547506332,10.065101623535156,19.443195343017578,15.300520032644272,10.065101623535156
60,EN_Word_order,manner,mbert,6.192254535089887,3.7047153818421066,6.06632175296545,18.19014524295926,3.7047153818421066,12.024627111852169
60,FR_Word_order,manner,mbert,8.027886732423212,3.847718281671405,7.695839524269104,22.2416637763381,3.847718281671405,12.8949533700943
61,EN_Word_order,manner,mbert,9.126261249184608,23.285792648792267,2.8117947727441788,18.22142817080021,23.285792648792267,11.90696169435978
61,FR_Word_order,manner,mbert,10.272037990391254,23.687743842601776,2.5149860456585884,15.557267911732197,23.687743842601776,7.800215966999531
62,EN_Word_order,manner,mbert,1.27761754905805,4.59159092605114,0.5222042552195489,10.363581255078316,4.59159092605114,9.608167961239815
62,FR_Word_order,manner,mbert,2.443288067355752,5.4784533977508545,1.8344682846218348,10.415789276361465,5.4784533977508545,9.806969493627548
63,EN_Word_order,frequency,mbert,9.162186861038208,5.23586893081665,4.064813852310181,18.915642499923706,5.23586893081665,13.818269491195679
63,FR_Word_order,frequency,mbert,10.23708188533783,5.234826326370239,2.1361011266708374,22.854621648788452,5.234826326370239,14.75364089012146
64,EN_Word_order,frequency,mbert,6.575363963842392,9.317010402679443,5.590603351593018,10.283012181520462,9.317010402679443,5.590603351593018
64,FR_Word_order,frequency,mbert,15.630662277340889,10.511985778808594,10.600462913513184,20.24007447063923,10.511985778808594,10.600462913513184
65,EN_Word_order,frequency,mbert,16.62048614025116,6.592859297990799,10.441693305969238,17.374398112297058,6.592859297990799,10.441693305969238
65,FR_Word_order,frequency,mbert,15.940233170986176,7.526267647743225,9.330751419067383,19.98291724920273,7.526267647743225,9.330751419067383
66,EN_Word_order,frequency,mbert,16.117837071418762,8.807876825332642,14.199498176574707,16.117837071418762,8.807876825332642,14.199498176574707
66,FR_Word_order,frequency,mbert,18.64293384552002,9.604931831359863,13.562390327453613,18.64293384552002,9.604931831359863,13.562390327453613
67,EN_Word_order,frequency,mbert,19.647511959075928,4.165936470031738,12.254354476928711,19.647511959075928,4.165936470031738,12.254354476928711
67,FR_Word_order,frequency,mbert,19.609511375427246,7.033313512802124,10.68030071258545,19.609511375427246,7.033313512802124,10.68030071258545
68,EN_Word_order,frequency,mbert,17.33783721923828,6.764909267425537,10.35704517364502,17.33783721923828,6.764909267425537,10.35704517364502
68,FR_Word_order,frequency,mbert,16.433942794799805,7.918442606925964,8.362992286682129,16.433942794799805,7.918442606925964,8.362992286682129
69,EN_Word_order,frequency,mbert,10.773167395032942,13.14290776848793,9.800172805786133,15.477783107198775,14.491598278284073,9.800172805786133
69,FR_Word_order,frequency,mbert,14.610946245491505,12.741777867078781,12.59036922454834,20.954903669655323,14.632319897413254,12.59036922454834
70,EN_Word_order,frequency,mbert,6.104468300472945,12.775837421417236,0.16346143931150436,17.05535875959322,12.775837421417236,10.08030954003334
70,FR_Word_order,frequency,mbert,5.920460427645594,13.22964882850647,0.14128786697983742,17.836741837207228,13.22964882850647,9.15070129558444
71,EN_Word_order,frequency,mbert,10.001098837703466,6.53358793258667,7.245293855667114,20.8399257324636,6.53358793258667,13.94417691230774
71,FR_Word_order,frequency,mbert,11.04412666335702,5.4720205664634705,7.0902979373931885,21.581569347530603,5.4720205664634705,11.638571977615356
72,EN_Word_order,frequency,mbert,10.82876592874527,13.39727920293808,7.877875030040741,19.190864264965057,13.39727920293808,11.332056701183319
72,FR_Word_order,frequency,mbert,14.40036427974701,13.631590127944946,9.482805013656616,25.812287092208862,13.631590127944946,16.100748777389526
73,EN_Word_order,frequency,mbert,12.729751989245415,7.25718080997467,6.025959014892578,20.088801190257072,10.172213196754456,6.025959014892578
73,FR_Word_order,frequency,mbert,19.495575070381165,9.223040342330933,11.972736358642578,28.71196675300598,12.029115676879883,11.972736358642578
74,EN_Word_order,frequency,mbert,9.24311894166749,8.876977637410164,3.393150985124521,25.659239951928612,16.08999252319336,19.809271995385643
74,FR_Word_order,frequency,mbert,9.875822586938739,8.18745144456625,2.8837275933474302,23.412146478658542,16.802309155464172,16.420051485067233
75,EN_Word_order,frequency,mbert,16.22587709967047,6.409298002719879,5.747961872257292,28.203681104816496,11.221192181110382,15.58285700622946
75,FR_Word_order,frequency,mbert,20.54290858656168,3.3008900061249733,9.68348292261362,26.677691496908665,8.669158190488815,14.09675768762827
76,EN_Word_order,frequency,mbert,3.0149830169975758,3.779383957386017,0.08183177188038826,20.50985285267234,9.032523691654205,14.152382459491491
76,FR_Word_order,frequency,mbert,2.594072033651173,4.221624040976167,0.17121736612170935,24.66999550536275,9.067120218649507,15.249351693317294
77,EN_Word_order,frequency,mbert,8.785320550203323,7.259275436401367,7.3751349449157715,11.204337507486343,7.259275436401367,7.3751349449157715
77,FR_Word_order,frequency,mbert,10.548036888241768,6.580770254135132,9.417880058288574,14.349715188145638,6.580770254135132,9.417880058288574
78,EN_Word_order,frequency,mbert,10.717091180384159,10.13169240951538,10.22128677368164,12.901961453258991,10.13169240951538,10.22128677368164
78,FR_Word_order,frequency,mbert,10.519122926983982,10.931615829467773,10.092364311218262,15.71107533434406,10.931615829467773,10.092364311218262
79,EN_Word_order,frequency,mbert,4.806320581585169,8.574438065290451,0.1553892232477665,15.371475167572498,8.574438065290451,10.720543809235096
79,FR_Word_order,frequency,mbert,4.673420200124383,7.5501837357878685,0.17208934761583805,12.666960746049881,7.5501837357878685,8.165629893541336
80,EN_Word_order,frequency,mbert,0.753699574386701,6.8051536083221436,0.06068109697662294,22.920542873442173,6.8051536083221436,15.79406874999404
80,FR_Word_order,frequency,mbert,1.1807642214698717,7.009537935256958,0.20987502567004412,29.36381883919239,7.009537935256958,18.61161431670189
81,EN_Word_order,frequency,mbert,11.672856330871582,3.4793311953544617,5.921449661254883,11.672856330871582,3.4793311953544617,5.921449661254883
81,FR_Word_order,frequency,mbert,16.31941795349121,6.181600332260132,8.708374977111816,16.31941795349121,6.181600332260132,8.708374977111816
82,EN_Word_order,frequency,mbert,5.671395408571698,3.925241980701685,3.316922771395184,17.346251875162125,3.925241980701685,14.991779237985611
82,FR_Word_order,frequency,mbert,6.968937966390513,3.6652162969112396,3.845323178335093,19.37350939400494,3.6652162969112396,16.24989460594952
83,EN_Word_order,manner,mbert,1.1891459710896015,4.495359003543854,0.17316249385476112,19.567853309214115,4.495359003543854,11.403242014348507
83,FR_Word_order,manner,mbert,1.1492907009087503,7.548956513404846,0.38465035473927855,19.9516089707613,7.548956513404846,11.541019678115845
84,EN_Word_order,manner,mbert,7.900310752913356,3.0401268682908267,6.597187511622906,11.010219452902675,6.0038152418565005,7.283605091273785
84,FR_Word_order,manner,mbert,9.558097139000893,3.495380336418748,7.936093121767044,17.196372762322426,5.92375629581511,11.661639958620071
85,EN_Word_order,manner,mbert,1.7580552604049444,0.9546032175421715,1.3805444855242968,15.967353284358978,0.9546032175421715,10.916047930717468
85,FR_Word_order,manner,mbert,0.5144626311957836,1.004124067723751,0.2665018141269684,20.523405477404594,1.004124067723751,11.862995401024818
86,EN_Word_order,manner,mbert,4.015003982000053,6.630964398384094,0.9792752889916301,14.089177432470024,6.630964398384094,11.0534487394616
86,FR_Word_order,manner,mbert,7.056268200278282,8.758256196975708,1.0175609439611435,21.675731793045998,8.758256196975708,15.637024536728859
87,EN_Word_order,manner,mbert,5.742362459888682,12.81010189652443,0.10922428010962903,20.867390969535336,12.81010189652443,15.234252789756283
87,FR_Word_order,manner,mbert,6.591417493764311,14.375010788440704,0.3228017711080611,23.053238215390593,14.375010788440704,16.784622492734343
88,EN_Word_order,manner,mbert,10.311871528625488,19.840742379426956,6.818458557128906,10.311871528625488,19.840742379426956,6.818458557128906
88,FR_Word_order,manner,mbert,15.971202373504639,19.74105167388916,9.226202011108398,15.971202373504639,19.74105167388916,9.226202011108398
89,EN_Word_order,manner,mbert,0.03699921001680195,15.45784879178973,0.02682687813648954,16.451103138155304,19.680362529528793,11.271914327749982
89,FR_Word_order,manner,mbert,0.06304722095956095,14.984559655596968,0.0522133490012493,19.392931278503966,20.30803744640434,10.740827991510741
90,EN_Word_order,manner,mbert,0.7916850913024973,8.114253997802734,0.6925346946518403,18.63592645712197,8.114253997802734,13.326163055375218
90,FR_Word_order,manner,mbert,0.562091353640426,9.181297779083252,0.44997637980850413,24.056366005912423,9.181297779083252,16.832305761054158
91,EN_Word_order,manner,mbert,6.305248634889722,22.218828439712524,0.874451057985425,18.03815901465714,26.61468482017517,12.607361437752843
91,FR_Word_order,manner,mbert,7.0423600524663925,22.48511016368866,1.2497413009405136,17.54024164378643,27.08358371257782,11.747622892260551
92,EN_Word_order,manner,mbert,3.757470530923456,13.421229869127274,0.386461419519037,16.05482830107212,13.421229869127274,12.683819189667702
92,FR_Word_order,manner,mbert,5.7038132678717375,12.75527948141098,1.6871482860296965,20.759254302829504,12.75527948141098,16.742589320987463
93,EN_Word_order,frequency,mbert,6.566137851099484,5.578288997523487,0.31922060332726687,21.856954973191023,13.931952396407723,15.610037725418806
93,FR_Word_order,frequency,mbert,8.322948590503074,6.160581114585511,1.1852961933473125,24.866553783416748,15.29914879403077,17.728901386260986
94,EN_Word_order,frequency,mbert,5.89874742180109,26.51116180419922,2.6466240510344505,15.97259733825922,26.51116180419922,10.26813169568777
94,FR_Word_order,frequency,mbert,9.94556750357151,27.498982429504395,5.518465220928192,23.260194674134254,27.498982429504395,12.872588813304901
95,EN_Word_order,frequency,mbert,9.687081592157483,5.33659428358078,1.8760521579533815,24.435949819162488,5.33659428358078,16.624920384958386
95,FR_Word_order,frequency,mbert,12.384807891212404,5.191257447004318,3.9041360085830092,23.928451127372682,5.191257447004318,15.447779244743288
96,EN_Word_order,frequency,mbert,0.9261584258638322,11.512618333101273,0.31449164217337966,18.24546805396676,11.512618333101273,15.446608666330576
96,FR_Word_order,frequency,mbert,0.43707329872995615,11.555446058511734,0.11700145248323679,20.948740631341934,11.555446058511734,12.497319415211678
97,EN_Word_order,frequency,mbert,6.336409792304039,4.525204740464687,3.56867478787899,15.56283263862133,14.618459820747375,12.795097634196281
97,FR_Word_order,frequency,mbert,13.46264036744833,3.980682611465454,4.56676634401083,23.879989862442017,16.199790239334106,14.984115839004517
98,EN_Word_order,frequency,mbert,5.893788801506162,9.597900807857513,3.0804809480905533,18.87678717263043,14.890728235244751,11.547686472535133
98,FR_Word_order,frequency,mbert,4.96788134239614,9.673906028270721,2.56369287148118,17.926574608311057,15.134938836097717,10.126863542944193
99,EN_Word_order,frequency,mbert,3.7790100732818246,11.967496275901794,2.2909368313848972,17.10084654483944,11.967496275901794,13.12658942118287
99,FR_Word_order,frequency,mbert,4.452474192716181,13.507814884185791,2.8879332691431046,17.272623972035944,13.507814884185791,11.524026408791542
100,EN_Word_order,frequency,mbert,6.053110987879336,6.795372191816568,1.8616287373006344,20.468182758428156,16.36800581216812,14.636518966406584
100,FR_Word_order,frequency,mbert,5.667127188295126,6.484037309885025,1.1309398096054792,16.870615240186453,15.827433228492737,11.269037751480937
101,EN_Word_order,frequency,mbert,15.86178857088089,18.659223556518555,11.656447619199753,30.832033455371857,18.659223556518555,23.532773226499557
101,FR_Word_order,frequency,mbert,23.354052625596523,20.38096570968628,19.533585786819458,39.89802636951208,20.38096570968628,29.165210783481598
102,EN_Word_order,frequency,mbert,15.774351954460144,0.18388152122497559,9.823777079582214,19.992584109306335,10.256070032715797,14.042009234428406
102,FR_Word_order,frequency,mbert,24.00312900543213,0.541114367544651,17.019868850708008,28.58287239074707,9.410916060209274,21.59961223602295
103,EN_Word_order,manner,mbert,4.655974600580521,8.88313930213917,0.005504343775101006,17.887258431175724,10.15180341876112,13.236788174370304
103,FR_Word_order,manner,mbert,5.055236678628717,9.202067838225048,0.1502641253755428,15.482649803627282,10.904314228857402,10.577677250374109
104,EN_Word_order,manner,mbert,4.127737909555435,4.790879309177399,1.268315702676773,12.604857474565506,8.858173668384552,9.745435267686844
104,FR_Word_order,manner,mbert,7.602413058280945,5.562341243028641,4.767043709754944,14.539608716964722,9.086902171373367,11.70423936843872
105,EN_Word_order,manner,mbert,22.05436611175537,8.21447141468525,16.273930549621582,24.86110782623291,12.692055061459541,19.08067226409912
105,FR_Word_order,manner,mbert,21.724360466003418,9.613040626049042,15.167226791381836,25.98019313812256,13.899657428264618,19.423059463500977
106,EN_Word_order,manner,mbert,6.660930126905441,10.40051051042974,1.923500508069992,22.139068752527237,22.54952710866928,17.401639133691788
106,FR_Word_order,manner,mbert,8.368899382650852,11.264022742398083,2.2249937430024147,24.91799086332321,22.81679505109787,18.774085223674774
107,EN_Word_order,manner,mbert,4.760476529598236,8.822685246181209,3.4620830416679382,14.684746205806732,10.391195223666728,13.386352717876434
107,FR_Word_order,manner,mbert,9.103437423706055,7.9361195142846555,8.099589347839355,17.70643424987793,10.369511967990547,16.70258617401123
108,EN_Word_order,manner,mbert,18.098480224609375,12.652732610702515,13.75914478302002,23.05952548980713,12.652732610702515,18.720190048217773
108,FR_Word_order,manner,mbert,17.606510162353516,11.709038615226746,10.151359558105469,22.856687545776367,11.709038615226746,15.40153694152832
109,EN_Word_order,manner,mbert,9.289963434450328,3.393968242686242,4.3249628050252795,16.36998004745692,21.89982795715332,11.404979418031871
109,FR_Word_order,manner,mbert,12.633688688278198,4.014334954204969,7.678406476974487,17.82462430000305,21.957554876804352,12.86934208869934
110,EN_Word_order,manner,mbert,5.096598820295185,0.6084806974977255,3.644820050802082,11.407864527311176,0.6084806974977255,9.956085757818073
110,FR_Word_order,manner,mbert,5.553002714063041,0.5086786951869726,3.2754722823156044,8.005114911939017,0.5086786951869726,5.727584480191581
111,EN_Word_order,manner,mbert,7.565934296697378,5.257116302847862,6.544494986534119,22.796457517892122,5.257116302847862,13.42249619960785
111,FR_Word_order,manner,mbert,11.320426926016808,5.915841221809387,10.052581071853638,29.647116377949715,5.915841221809387,15.78252387046814
112,EN_Word_order,manner,mbert,14.300365954637527,11.134957879781723,9.744087725877762,18.854594737291336,11.134957879781723,14.29831650853157
112,FR_Word_order,manner,mbert,17.31449270248413,11.450233519077301,11.483832359313965,19.398361682891846,11.450233519077301,13.56770133972168
113,EN_Word_order,frequency,mbert,17.387918561697006,0.8108032068703324,11.662936210632324,24.204322904348373,12.00995653832797,15.905723571777344
113,FR_Word_order,frequency,mbert,20.087913036346436,1.2759894762421027,14.817153930664062,28.607521533966064,11.84613271127455,19.31966495513916
114,EN_Word_order,frequency,mbert,9.090158104896545,7.8107554614543915,5.958220958709717,16.737997174263,12.187471598386765,12.145349025726318
114,FR_Word_order,frequency,mbert,5.5388576071709394,6.1997180581092834,2.8554071187973022,18.61142554692924,10.654112637043,10.194342017173767
115,EN_Word_order,frequency,mbert,6.932743936777115,1.0088545597691336,5.153528720140457,10.856601625680923,7.187617947580293,9.077386409044266
115,FR_Word_order,frequency,mbert,9.81687581539154,1.2584097475883027,6.1115182638168335,16.34250247478485,6.92517322243657,12.637144923210144
116,EN_Word_order,frequency,mbert,8.264157683588564,11.363780349493027,1.2417530128732324,22.81636539194733,11.363780349493027,15.793960721231997
116,FR_Word_order,frequency,mbert,11.449420988559723,12.380895495414734,4.371308386325836,24.193587198853493,12.380895495414734,17.115474596619606
117,EN_Word_order,frequency,mbert,11.113468061666936,15.106932751834393,7.971085872035474,37.277294765692204,15.106932751834393,31.10323080001399
117,FR_Word_order,frequency,mbert,10.869872258976102,16.322579860687256,7.094749735668302,36.89741591364145,16.322579860687256,29.196801580488682
118,EN_Word_order,frequency,mbert,8.549105852842331,7.821699138730764,4.783986061811447,13.100515574216843,14.152699500322342,9.335395783185959
118,FR_Word_order,frequency,mbert,10.158988237380981,8.797526898793876,6.14531397819519,15.494009733200073,14.734267234802246,11.480335474014282
119,EN_Word_order,frequency,mbert,7.445098274387419,14.147962421178818,2.674073570407927,15.56595026794821,14.147962421178818,10.794925563968718
119,FR_Word_order,frequency,mbert,11.116990886628628,12.402000904083252,4.900328479707241,17.586075626313686,12.402000904083252,11.3694132193923
120,EN_Word_order,frequency,mbert,12.733817122876644,18.844837188720703,9.288357496261597,26.600698709487915,18.844837188720703,14.099274396896362
120,FR_Word_order,frequency,mbert,12.358699426054955,19.732444524765015,8.896624326705933,26.979504108428955,19.732444524765015,13.94735312461853
121,EN_Word_order,frequency,mbert,11.010175895993598,15.428181409835815,6.521938991849311,19.476370525662787,18.60878324508667,14.9881336215185
121,FR_Word_order,frequency,mbert,12.366683706641197,15.580246388912201,6.684927687048912,20.488308176398277,18.731674134731293,14.806552156805992
122,EN_Word_order,frequency,mbert,13.828052759170532,18.68368661403656,9.773185014724731,17.867454767227173,18.68368661403656,13.812587022781372
122,FR_Word_order,frequency,mbert,15.513997554779053,21.589788675308228,10.257528305053711,19.623249053955078,21.589788675308228,14.366779804229736
123,EN_Word_order,manner,mbert,3.0035946213829448,14.014148473739624,2.980133056640625,16.84302294999361,14.014148473739624,13.966436862945557
123,FR_Word_order,manner,mbert,3.889128452836303,13.98375940322876,3.623935878276825,19.535881102085114,13.98375940322876,11.419646680355072
124,EN_Word_order,manner,mbert,8.467032591812313,0.8322395916911773,6.422213762998581,18.66449038591236,4.657395455928054,13.130146712064743
124,FR_Word_order,manner,mbert,7.128487711888738,0.9274722409318201,4.582372188568115,19.351122202468105,4.625881177082192,8.335583209991455
125,EN_Word_order,manner,mbert,11.064173638820648,5.592160058673471,5.799799859523773,16.802209794521332,16.443803354166448,11.537836015224457
125,FR_Word_order,manner,mbert,13.935672760009766,6.081871365080588,8.431681632995605,16.34448480606079,16.309619491454214,10.84049367904663
126,EN_Word_order,manner,mbert,7.148126423591748,12.701017836574465,4.632267534965649,13.062531769508496,18.18888091109693,10.546672880882397
126,FR_Word_order,manner,mbert,7.883879967033863,12.831662009004503,4.5132568553090096,11.307877846062183,17.50284846802242,7.93725473433733
127,EN_Word_order,manner,mbert,5.171125188469887,3.9860405200743116,5.110038077458739,9.45330143533647,8.277628396230284,8.64151600562036
127,FR_Word_order,manner,mbert,7.07107974588871,4.5756178993033245,6.902586251497269,13.992544561624527,9.707482969155535,9.591034203767776
128,EN_Word_order,manner,mbert,6.039571359753609,15.303742326796055,0.8977828770875931,16.356101751327515,15.303742326796055,11.214313268661499
128,FR_Word_order,manner,mbert,6.81102142482996,13.785403966903687,0.6762991920113564,16.582411527633667,13.785403966903687,10.447689294815063
129,EN_Word_order,manner,mbert,6.423026470467448,6.356147963553667,2.5910537224262953,19.450795559212565,11.76565309241414,11.849888322874904
129,FR_Word_order,manner,mbert,8.482096165418625,6.07847535610199,3.3301335871219635,21.68716785311699,11.65692675113678,10.405678182840347
130,EN_Word_order,manner,mbert,12.15245509147644,7.800789579749107,8.727158546447754,12.15245509147644,7.800789579749107,8.727158546447754
130,FR_Word_order,manner,mbert,15.324679851531982,8.138640999794006,10.268157958984375,15.324679851531982,8.138640999794006,10.268157958984375
131,EN_Word_order,manner,mbert,12.089305995963514,9.548454094678164,5.212209819816053,19.946706413291395,9.548454094678164,13.069610237143934
131,FR_Word_order,manner,mbert,12.498863160610199,11.086049200966954,5.586014688014984,18.265203416347504,11.086049200966954,11.352354943752289
132,EN_Word_order,manner,mbert,16.400490760803223,7.958096906193532,12.57321548461914,16.400490760803223,11.182870962307788,12.57321548461914
132,FR_Word_order,manner,mbert,17.89075803756714,7.917750111431815,11.378042221069336,17.89075803756714,12.088327482924797,11.378042221069336
133,EN_Word_order,frequency,mbert,12.306639797985554,6.2530712485313416,5.453588485717773,15.726759798824787,11.993085324764252,5.453588485717773
133,FR_Word_order,frequency,mbert,14.576635286211967,6.632169842720032,7.7018513679504395,19.197442337870598,12.841843366622925,7.7018513679504395
134,EN_Word_order,manner,mbert,9.66623580828309,10.893399715423584,4.495725516229868,15.542493227869272,10.893399715423584,10.37198293581605
134,FR_Word_order,manner,mbert,10.716876417398453,9.844456195831299,5.830255895853043,13.855781942605972,9.844456195831299,8.969161421060562
135,EN_Word_order,frequency,mbert,16.285775184631348,26.20623254776001,10.752176284790039,16.285775184631348,26.20623254776001,10.752176284790039
135,FR_Word_order,frequency,mbert,19.915674209594727,25.136181831359863,11.206836700439453,19.915674209594727,25.136181831359863,11.206836700439453
136,EN_Word_order,manner,mbert,1.702953279018402,3.388756275177002,1.4463067948818207,10.598189294338226,3.388756275177002,10.341542810201645
136,FR_Word_order,manner,mbert,4.896760314702988,5.939965784549713,4.401182293891907,15.939450949430466,5.939965784549713,15.443872928619385
137,EN_Word_order,frequency,mbert,11.100609630346298,3.7937560975551605,8.178085327148438,14.758956283330917,15.12934985756874,8.178085327148438
137,FR_Word_order,frequency,mbert,14.28949248790741,4.3623106777668,9.58492660522461,19.72712004184723,15.868024379014969,9.58492660522461
138,EN_Word_order,manner,mbert,9.419871836900711,3.6816264986991882,8.957074575126171,20.80561377853155,3.6816264986991882,14.785870008170605
138,FR_Word_order,manner,mbert,10.084671311080456,3.472735583782196,9.279478311538696,26.465777814388275,3.472735583782196,16.934251070022583
139,EN_Word_order,frequency,mbert,12.549704551696777,6.321567438542843,9.540749549865723,12.549704551696777,12.953852258622646,9.540749549865723
139,FR_Word_order,frequency,mbert,13.51479196548462,8.933239124715328,8.994207382202148,13.51479196548462,15.32616525143385,8.994207382202148
140,EN_Word_order,manner,mbert,10.805192966014147,19.507682889699936,6.706675548106432,16.075086135417223,19.507682889699936,11.976568717509508
140,FR_Word_order,manner,mbert,11.42160926759243,19.69900870323181,6.321973189711571,15.923452720046043,19.69900870323181,10.823816642165184
141,EN_Word_order,frequency,mbert,12.235064029693604,10.676208019256592,11.412605285644531,12.235064029693604,10.676208019256592,11.412605285644531
141,FR_Word_order,frequency,mbert,13.130871295928955,16.2093768119812,8.251232147216797,13.130871295928955,16.2093768119812,8.251232147216797
142,EN_Word_order,manner,mbert,7.769610766321421,19.682277500629425,0.384038332849741,19.282840978354216,19.682277500629425,11.897268544882536
142,FR_Word_order,manner,mbert,9.264347292482853,20.621991276741028,0.46286890655755997,21.579531282186508,20.621991276741028,12.778052896261215
143,EN_Word_order,frequency,mbert,7.9535040855407715,13.746461868286133,5.7786149978637695,7.9535040855407715,13.746461868286133,5.7786149978637695
143,FR_Word_order,frequency,mbert,14.346014022827148,13.840927600860596,9.549184799194336,14.346014022827148,13.840927600860596,9.549184799194336
144,EN_Word_order,manner,mbert,6.817611842881888,12.705328464508057,2.718661456834525,14.022320180665702,12.705328464508057,9.923369794618338
144,FR_Word_order,manner,mbert,8.878756284713745,11.610950469970703,4.3114707469940186,16.486056089401245,11.610950469970703,11.918770551681519
145,EN_Word_order,frequency,mbert,24.773518562316895,11.111625023186207,20.3193998336792,18.49380397796631,16.54548531770706,14.039685249328613
145,FR_Word_order,frequency,mbert,11.13538146018982,11.392649214714766,7.074830770492554,15.581974267959595,17.441325962543488,11.521423578262329
146,EN_Word_order,manner,mbert,6.782554589211941,4.57502880692482,1.5309772118926048,18.591705918312073,4.57502880692482,13.340128540992737
146,FR_Word_order,manner,mbert,11.29557328671217,6.0624611377716064,3.8083200976252556,24.882280826568604,6.0624611377716064,17.39502763748169
147,EN_Word_order,frequency,mbert,17.010301861912012,19.497039318084717,15.061937127262354,27.771444831043482,19.497039318084717,25.823080096393824
147,FR_Word_order,frequency,mbert,10.520321249961853,19.651125192642212,8.537253737449646,27.484465956687927,19.651125192642212,25.50139844417572
148,EN_Word_order,manner,mbert,6.375534534454346,3.2943139523267746,4.741435408592224,12.93957805633545,12.631949543952942,11.305478930473328
148,FR_Word_order,manner,mbert,5.668228417634964,4.199953511357307,2.880879193544388,11.412567168474197,14.027054786682129,8.625217944383621
149,EN_Word_order,frequency,mbert,6.39090808480978,6.899590784218162,4.106490932404995,16.40518268197775,6.899590784218162,14.120765529572964
149,FR_Word_order,frequency,mbert,4.213713876437396,6.39182374579832,1.9089298169128597,21.37831324292347,6.39182374579832,19.073529183398932
150,EN_Word_order,manner,mbert,4.06817178055644,10.393041044473648,1.468768160790205,15.7120315246284,10.393041044473648,13.112627904862165
150,FR_Word_order,manner,mbert,4.815598519518971,11.318157374858856,1.3801582176238298,15.011198313906789,11.318157374858856,11.575758012011647
151,EN_Word_order,frequency,mbert,8.998380064964294,11.422834634780884,6.417352080345154,15.843259692192078,11.422834634780884,13.262231707572937
151,FR_Word_order,frequency,mbert,9.479561895132065,13.430933952331543,6.929763644933701,14.342370599508286,13.430933952331543,11.792572349309921
152,EN_Word_order,manner,mbert,6.336186680942774,6.649402618408203,4.682320032268763,19.421141777187586,6.649402618408203,11.076063547283411
152,FR_Word_order,manner,mbert,8.248842120170593,10.10238265991211,5.690882444381714,20.93069851398468,10.10238265991211,11.4110586643219
153,EN_Word_order,frequency,mbert,18.774986505508423,11.760328531265259,9.200744867324829,26.183831453323364,11.760328531265259,14.805591821670532
153,FR_Word_order,frequency,mbert,10.927973628044128,12.861953973770142,1.7400811910629272,24.9133141040802,12.861953973770142,11.70951247215271
154,EN_Word_order,frequency,mbert,11.520497826859355,15.476300716400146,0.4026551526039839,27.357527339830995,16.947143077850342,16.239684665575624
154,FR_Word_order,frequency,mbert,14.469401255249977,17.21581220626831,2.943143740296364,32.47472035884857,18.583994388580322,20.94846284389496
155,EN_Word_order,frequency,mbert,8.607961818575859,3.651801884174347,4.009916827082634,24.291235145181417,3.651801884174347,9.001148875802755
155,FR_Word_order,frequency,mbert,9.046610191464424,3.690984845161438,4.444786325097084,27.706550411880016,3.690984845161438,9.80153065174818
156,EN_Word_order,frequency,mbert,9.087280617648503,8.586834548041224,2.5655300095677376,20.849133835727116,18.310372814536095,11.964567847549915
156,FR_Word_order,frequency,mbert,7.515843822737224,7.57656809873879,1.028799407184124,20.007776930113323,17.507295176386833,11.113296143710613
157,EN_Word_order,frequency,mbert,8.937254535034299,8.926732987165451,2.3805643189698458,18.58927501551807,8.926732987165451,12.032584799453616
157,FR_Word_order,frequency,mbert,9.88609391450882,9.876914322376251,2.2712514996528625,20.750907011330128,9.876914322376251,13.13606459647417
158,EN_Word_order,frequency,mbert,11.145980447647162,13.717109731864184,0.7545205057831481,22.32093431253452,16.92332358425483,10.543500440311618
158,FR_Word_order,frequency,mbert,9.994534825556912,13.073172891978174,0.8738032333785668,21.262672671698965,16.773697540629655,10.928642997168936
159,EN_Word_order,frequency,mbert,7.3208718821406364,5.18363927880273,3.2793178781867027,21.30129822343588,14.114356102247257,15.781075529754162
159,FR_Word_order,frequency,mbert,7.935155972838402,5.185721832000127,3.9731178879737854,22.176219448447227,13.886220660293475,14.741840302944183
160,EN_Word_order,frequency,mbert,22.528432987630367,5.631729006767273,14.215472362935543,37.004666209220886,13.532215178012848,28.691705584526062
160,FR_Word_order,frequency,mbert,23.669757343828678,5.353883773088455,16.265543438494205,37.65704318135977,13.447795271873474,30.252829276025295
161,EN_Word_order,frequency,mbert,0.1290949077811092,5.551647519459948,0.03608211292885244,24.097958652069792,11.085422426462173,14.473499813815579
161,FR_Word_order,frequency,mbert,4.899749645031989,5.900322069588583,4.754463301040232,28.432876154780388,11.929647147655487,18.024753987789154
162,EN_Word_order,frequency,mbert,2.878386452794075,1.209451605063805,0.3743402510881424,20.281215075403452,17.93979370357556,17.77716887369752
162,FR_Word_order,frequency,mbert,3.984154909849167,2.741754110036709,1.3622405230998993,18.484888449311256,17.98282497475884,15.862974062561989
163,EN_Word_order,manner,mbert,12.512000967515633,7.218309283256531,9.846088409423828,14.543099094880745,7.218309283256531,9.846088409423828
163,FR_Word_order,manner,mbert,16.788471648469567,8.740272283554077,13.223565101623535,23.228186080232263,8.740272283554077,13.223565101623535
164,EN_Word_order,manner,mbert,5.61079425830394,10.972663462162018,0.5631610872223973,15.123364645056427,10.972663462162018,10.075731473974884
164,FR_Word_order,manner,mbert,6.803295582532883,12.619372725486755,1.0442871749401093,15.463104262948036,12.619372725486755,9.704095855355263
165,EN_Word_order,manner,mbert,5.418362408876419,8.461665153503418,3.4597637951374054,17.412400484085083,8.461665153503418,15.45380187034607
165,FR_Word_order,manner,mbert,8.533103592693806,11.344647407531738,5.867380030453205,19.37182456254959,11.344647407531738,16.70610100030899
166,EN_Word_order,manner,mbert,8.305959478020668,6.481163579970598,2.7378151565790176,17.644163861870766,11.697406131774187,12.076019540429115
166,FR_Word_order,manner,mbert,10.758901357650757,6.888115484267473,4.834962606430054,18.56519317626953,12.599011976271868,12.641254425048828
167,EN_Word_order,manner,mbert,15.411567667499185,6.052266911836341,11.705774784088135,17.406748274341226,8.145646120654419,11.809982776641846
167,FR_Word_order,manner,mbert,16.325562246143818,6.161014125449583,12.921849727630615,21.938502080738544,8.5881096648518,15.260361194610596
168,EN_Word_order,manner,mbert,6.7817010479047894,1.5391111448407173,1.0641889171674848,18.30476184654981,8.21655187010765,12.587249715812504
168,FR_Word_order,manner,mbert,6.5415398851037025,1.6157271564006805,0.9366786256432533,17.457151979207993,9.387651592493057,11.852290719747543
169,EN_Word_order,manner,mbert,2.994210080243647,0.5506808757781982,0.20106225460767746,17.923507542349398,7.080376461148262,11.677285738289356
169,FR_Word_order,manner,mbert,3.4054388161748648,1.0844490677118301,0.44883011281490326,24.843840261921287,7.238826483488083,17.023000925779343
170,EN_Word_order,manner,mbert,0.7704310572880786,8.726423472166061,0.5874863844364882,16.80755953490734,8.726423472166061,11.724734008312225
170,FR_Word_order,manner,mbert,4.383119149424601,9.311455368995667,3.9730818681418896,23.270180746912956,9.311455368995667,13.826537489891052
171,EN_Word_order,manner,mbert,5.280607359483838,5.0435139033943415,1.9423829186707735,18.74185055680573,8.764190249145031,11.50861087627709
171,FR_Word_order,manner,mbert,5.332834810018539,5.314169546589255,1.7763486206531525,22.242349015548825,10.048755491152406,13.808064507320523
172,EN_Word_order,manner,mbert,4.983777094632387,2.6509753735736012,0.09495918825268745,19.430309023708105,12.781264794059098,10.876519288867712
172,FR_Word_order,manner,mbert,4.796271429397166,3.9572576098144054,0.9870364526286721,18.33905777335167,13.378668289631605,10.483868092298508
173,EN_Word_order,frequency,mbert,9.902850866317749,9.97121274471283,6.0810394287109375,9.902850866317749,10.08978021144867,6.0810394287109375
173,FR_Word_order,frequency,mbert,13.482388496398926,11.279544949531555,7.756222248077393,13.482388496398926,11.792977929115295,7.756222248077393
174,EN_Word_order,manner,mbert,5.9713307353667915,4.445892095565796,5.903803551569581,26.458768820390105,4.445892095565796,19.954217160120606
174,FR_Word_order,manner,mbert,3.826453162357211,5.3763304352760315,3.607075273990631,29.84559689462185,5.3763304352760315,19.73023349046707
175,EN_Word_order,frequency,mbert,14.141519460827112,5.499756455421448,7.83176127448678,17.0435370542109,5.499756455421448,10.73377886787057
175,FR_Word_order,frequency,mbert,17.042012929916382,6.640177130699158,10.463943243026733,21.525529146194458,6.640177130699158,14.94745945930481
176,EN_Word_order,manner,mbert,8.373411992564797,5.626888751983643,4.859663991257548,21.67639623209834,12.884802341461182,13.80433846078813
176,FR_Word_order,manner,mbert,8.756790643557906,6.079201698303223,5.049798306077719,21.56920949369669,13.494313478469849,13.865866895765066
177,EN_Word_order,frequency,mbert,13.237192898988724,10.472912311553955,9.449101060628891,22.11007907986641,10.472912311553955,16.332816690206528
177,FR_Word_order,frequency,mbert,17.28034172207117,13.801762580871582,13.364346265792847,27.83649978786707,13.801762580871582,19.26754641532898
178,EN_Word_order,manner,mbert,7.865674635570031,14.778754949569702,0.919137617747765,23.382700455054874,20.41249454021454,16.436163437232608
178,FR_Word_order,manner,mbert,8.069705244037323,15.994154334068298,0.5602867564884946,24.840001169824973,22.1930935382843,17.330582682276145
179,EN_Word_order,frequency,mbert,5.296825587749481,11.348679304122925,1.6397845149040222,16.40212446451187,11.348679304122925,12.745083391666412
179,FR_Word_order,frequency,mbert,4.870356656610966,11.884590983390808,1.4345725551247597,18.19036979228258,11.884590983390808,14.754585690796375
180,EN_Word_order,manner,mbert,4.4847465712809935,11.214329242706299,0.22338735649827868,16.91320221312344,21.586174249649048,12.651842998340726
180,FR_Word_order,manner,mbert,5.753283511265181,11.181732773780823,0.30636073218192905,19.87390206940472,21.06563150882721,14.42697929032147
181,EN_Word_order,frequency,mbert,6.91691504092887,3.436918504536152,0.021202188450843096,22.025802358984947,3.436918504536152,15.13008950650692
181,FR_Word_order,frequency,mbert,7.9825676906475564,3.5363901033997536,0.02718629721493926,24.6957076638937,3.5363901033997536,16.740326270461082
182,EN_Word_order,manner,mbert,7.476009805686772,5.994488952215761,2.1298288898542523,22.258621886372566,9.080595567822456,16.912440970540047
182,FR_Word_order,manner,mbert,9.035795812262222,6.852867652429268,1.6888886734377593,20.051206812262535,10.496887516230345,12.704299673438072
183,EN_Word_order,frequency,mbert,8.681779445149004,8.584553524851799,1.3090100893750787,20.3085530186072,8.584553524851799,12.935783662833273
183,FR_Word_order,frequency,mbert,7.746273555792868,8.693220376968384,0.8133569145575166,19.2013772809878,8.693220376968384,12.268460639752448
184,EN_Word_order,manner,mbert,3.190914236707613,7.475015640258789,3.131511688232422,16.95492369751446,7.475015640258789,11.803221464157104
184,FR_Word_order,manner,mbert,8.202054835564923,8.424346208572388,8.159488201141357,23.65227227442665,8.424346208572388,16.4935941696167
185,EN_Word_order,frequency,mbert,1.2801764495670795,7.183678695932031,0.6803390271961689,21.50539080798626,18.39414362423122,13.536152705550194
185,FR_Word_order,frequency,mbert,1.6672674715518951,7.119289129972458,1.0931620299816132,23.700345993041992,18.57478137500584,15.645032554864883
186,EN_Word_order,manner,mbert,8.33999516069889,4.1209826618433,4.997714534401894,26.2618068754673,4.1209826618433,22.919526249170303
186,FR_Word_order,manner,mbert,14.329589881002903,4.361329138278961,11.438725508749485,32.14444637298584,4.361329138278961,29.253582000732422
187,EN_Word_order,frequency,mbert,15.445470690727234,4.800094902515411,6.384976029396057,23.493396520614624,4.800094902515411,14.706408023834229
187,FR_Word_order,frequency,mbert,15.412131071090698,4.906705021858215,5.426867723464966,25.77854585647583,4.906705021858215,14.571440696716309
188,EN_Word_order,manner,mbert,6.9297211319208145,19.110345363616943,2.173419252038002,19.81795985996723,19.110345363616943,15.06165798008442
188,FR_Word_order,manner,mbert,7.521541774272919,19.964811325073242,2.21334570646286,20.140607357025146,19.964811325073242,14.832411289215088
189,EN_Word_order,frequency,mbert,11.78637781739235,20.391282558441162,4.1224450170993805,22.989707678556442,20.391282558441162,15.325774878263474
189,FR_Word_order,frequency,mbert,10.98635546118021,21.14947271347046,2.579248107969761,23.684847332537174,21.14947271347046,15.277739979326725
190,EN_Word_order,manner,mbert,15.565759062767029,10.50970458984375,10.52936589717865,22.59638810157776,10.50970458984375,17.55999493598938
190,FR_Word_order,manner,mbert,19.17481791973114,10.918708324432373,11.200241446495056,26.04190731048584,10.918708324432373,18.067330837249756
191,EN_Word_order,frequency,mbert,28.652071475982666,7.065303191542625,22.648212432861328,36.547897815704346,7.065303191542625,30.544038772583008
191,FR_Word_order,frequency,mbert,30.19668424129486,8.482670903205872,22.266093611717224,35.062729716300964,8.482670903205872,27.132139086723328
192,EN_Word_order,manner,mbert,18.4285306930542,18.59609591960907,12.120587348937988,22.205676555633545,18.59609591960907,15.897733211517334
192,FR_Word_order,manner,mbert,16.940330028533936,19.427993059158325,10.59007453918457,22.68363094329834,19.427993059158325,16.333375453948975
193,EN_Word_order,frequency,mbert,6.21179386973381,4.728221221826971,4.6988139152526855,7.6879784762859344,16.138791501522064,4.6988139152526855
193,FR_Word_order,frequency,mbert,8.799209162592888,4.327661118470132,6.982868671417236,11.75095622241497,16.738708466291428,6.982868671417236
194,EN_Word_order,frequency,mbert,12.347259521484375,12.246838569641113,6.501283645629883,12.347259521484375,12.246838569641113,6.501283645629883
194,FR_Word_order,frequency,mbert,15.74379014968872,10.504815578460693,7.780683517456055,15.74379014968872,10.504815578460693,7.780683517456055
195,EN_Word_order,frequency,mbert,10.69497013092041,13.202634811401367,6.960242748260498,10.69497013092041,13.202634811401367,6.960242748260498
195,FR_Word_order,frequency,mbert,15.620490074157715,12.827428817749023,9.69752311706543,15.620490074157715,12.827428817749023,9.69752311706543
196,EN_Word_order,frequency,mbert,16.833912645466626,12.871058940887451,6.915816103108227,19.880718980915844,12.871058940887451,9.962622438557446
196,FR_Word_order,frequency,mbert,17.04168886691332,13.024726867675781,6.390258736908436,21.281337685883045,13.024726867675781,10.629907555878162
197,EN_Word_order,frequency,mbert,9.454523978754878,15.78550386428833,5.579800067469478,14.434685168787837,15.78550386428833,10.559961257502437
197,FR_Word_order,frequency,mbert,13.137065529823303,13.22598934173584,6.4733840227127075,17.713802933692932,13.22598934173584,11.050121426582336
198,EN_Word_order,frequency,mbert,13.936922788619995,6.614646582398564,10.7175874710083,13.936922788619995,14.175645165145397,10.7175874710083
198,FR_Word_order,frequency,mbert,14.575077533721924,7.096399717498571,11.242384910583496,14.575077533721924,14.549900569021702,11.242384910583496
199,EN_Word_order,frequency,mbert,12.802542090415955,17.002604961395264,9.242077827453613,15.194002509117126,17.002604961395264,9.242077827453613
199,FR_Word_order,frequency,mbert,12.509471416473389,16.83407688140869,10.159035682678223,17.781373023986816,16.83407688140869,10.159035682678223
200,EN_Word_order,frequency,mbert,3.815749440807849,6.562397912144661,3.584043760318309,8.594861779827625,6.562397912144661,8.363156099338084
200,FR_Word_order,frequency,mbert,4.941753692924976,7.516413688659668,4.645940370857716,10.517877884209156,7.516413688659668,10.222064562141895
201,EN_Word_order,frequency,mbert,7.100199349224567,6.6089653968811035,3.243386633694172,20.245996840298176,6.6089653968811035,16.38918412476778
201,FR_Word_order,frequency,mbert,6.07608700171113,7.4704835414886475,2.124851230531931,22.50629598274827,7.4704835414886475,18.55506021156907
202,EN_Word_order,frequency,mbert,11.847095355391502,9.155350029468536,5.080639481544495,18.438652858138084,16.03015834093094,9.305090069770813
202,FR_Word_order,frequency,mbert,14.063476011157036,9.13956093788147,8.400675773620605,23.21918098628521,16.7526695728302,11.06489896774292
203,EN_Word_order,manner,mbert,9.297109052538872,7.024996394622576,5.906508818268776,18.83310715854168,12.18087704051868,11.300422087311745
203,FR_Word_order,manner,mbert,11.503374449908733,7.398547433698695,7.4009810090065,23.74764620512724,10.494802052271552,15.016022741794586
204,EN_Word_order,manner,mbert,8.338226344058057,11.980356083688093,8.335039615631104,13.817659612512216,12.966807551652892,9.088422775268555
204,FR_Word_order,manner,mbert,8.617336403927766,11.161061408172827,8.610106825828552,16.63429997873027,14.520149134856183,10.354602694511414
205,EN_Word_order,manner,mbert,11.057112216949463,13.850934386253357,7.469699382781982,15.265371322631836,13.850934386253357,11.677958488464355
205,FR_Word_order,manner,mbert,15.184531450271606,15.167113304138184,10.081633806228638,22.907824516296387,15.167113304138184,17.804926872253418
206,EN_Word_order,manner,mbert,12.130729021504521,9.011459990404546,5.847440397366881,20.247263254597783,16.88395756483078,10.032404100522399
206,FR_Word_order,manner,mbert,11.582585878670216,9.420029362663627,6.1796921491622925,19.93438059836626,17.065820157527924,10.777387976646423
207,EN_Word_order,manner,mbert,5.190287858247757,6.5132982060313225,2.5135543644428253,16.178698897361755,6.5132982060313225,13.501965403556824
207,FR_Word_order,manner,mbert,8.862193763256073,6.903087854385376,5.97613662481308,19.6676287651062,6.903087854385376,16.781571626663208
208,EN_Word_order,manner,mbert,9.490986010059714,4.213074006140232,7.552759774029255,18.403282782062888,14.44074733555317,11.76954997330904
208,FR_Word_order,manner,mbert,12.585349895060062,5.129215035587549,9.264208257198334,20.912394858896732,15.635232023894787,13.174699246883392
209,EN_Word_order,manner,mbert,9.21122395247221,7.8711426459485665,0.634120337665081,20.33623854070902,12.601257622241974,11.75913492590189
209,FR_Word_order,manner,mbert,9.90766234882176,9.401945798745146,1.4786910582333803,24.085576431825757,14.057796835899353,15.656605141237378
210,EN_Word_order,manner,mbert,4.44969154894352,5.766971573233604,3.7470906525850296,15.343317523598671,10.50213335454464,14.640716627240181
210,FR_Word_order,manner,mbert,6.270568609237671,8.775276120752096,5.070056080818176,16.867910981178284,12.357128318399191,15.667398452758789
211,EN_Word_order,manner,mbert,5.072339046746492,3.5813857577741146,1.2333052046597004,15.045510191470385,11.291657712310553,11.206476349383593
211,FR_Word_order,manner,mbert,10.203211188316345,3.620645835995674,5.001084685325623,19.57952332496643,11.781157746911049,14.377396821975708
212,EN_Word_order,manner,mbert,15.673086661845446,14.38352021574974,10.050423622131348,16.671854991465807,21.620393604040146,10.050423622131348
212,FR_Word_order,manner,mbert,18.440322428941727,18.734897017478943,12.12923526763916,20.043458968400955,25.859139561653137,12.12923526763916
SVadvP_01,FR_Word_order,frequency,mbert,16.004113912582397,7.039978981018066,11.702497482299805,25.504706382751465,7.039978981018066,11.702497482299805
SVadvP_02,FR_Word_order,frequency,mbert,15.910169005393982,2.5907232649624348,11.374975204467773,22.874614357948303,13.685132924467325,11.374975204467773
SVadvP_03,FR_Word_order,frequency,mbert,19.869096755981445,12.896292686462402,10.098654747009277,19.869096755981445,12.896292686462402,10.098654747009277
SVadvP_04,FR_Word_order,frequency,mbert,13.975029557943344,14.885988976806402,10.256284713745117,21.020088523626328,17.995061185210943,10.256284713745117
SVadvP_05,FR_Word_order,frequency,mbert,13.221405982971191,14.29722312092781,6.909141540527344,13.221405982971191,16.325900584459305,6.909141540527344
SVadvP_06,FR_Word_order,frequency,mbert,10.79798537492752,10.572871208190918,9.673639297485352,20.740959882736206,10.572871208190918,9.673639297485352
SVadvP_07,FR_Word_order,frequency,mbert,16.11998748779297,8.714066330343485,9.889902114868164,16.11998748779297,14.232961118221283,9.889902114868164
SVadvP_08,FR_Word_order,frequency,mbert,11.446066796779633,17.59958440065384,9.984435081481934,20.528047800064087,29.152744591236115,9.984435081481934
SVadvP_09,FR_Word_order,frequency,mbert,13.315861225128174,11.666662096977234,8.257429122924805,13.315861225128174,11.666662096977234,8.257429122924805
SVadvP_10,FR_Word_order,frequency,mbert,13.241487784311175,11.000492095947266,10.659082412719727,20.37299370765686,11.000492095947266,10.659082412719727
SVadvP_11,FR_Word_order,frequency,mbert,20.047317504882812,7.91002893447876,7.306629180908203,20.047317504882812,7.91002893447876,7.306629180908203
SVadvP_12,FR_Word_order,frequency,mbert,16.86801689118147,10.177394390106201,8.931796073913574,20.023842982947826,10.177394390106201,8.931796073913574
SVadvP_13,FR_Word_order,frequency,mbert,7.8163590878248215,10.709709167480469,7.227511882781982,13.752819284796715,10.709709167480469,7.227511882781982
SVadvP_14,FR_Word_order,frequency,mbert,14.734607934951782,12.142052173614502,11.93104076385498,22.438168168067932,12.142052173614502,11.93104076385498
SVadvP_15,FR_Word_order,frequency,mbert,10.959338188171387,0.3088836179522332,6.538197994232178,10.959338188171387,3.607756586134201,6.538197994232178
SVadvP_16,FR_Word_order,frequency,mbert,17.010043025016785,6.048154354095459,9.086686134338379,22.379334330558777,6.048154354095459,9.086686134338379
SVadvP_17,FR_Word_order,manner,mbert,20.854567050933838,3.7414836287498474,10.22008991241455,21.677125692367554,3.7414836287498474,10.22008991241455
SVadvP_18,FR_Word_order,manner,mbert,16.08473491668701,4.654182553291321,10.638951301574707,16.08473491668701,4.654182553291321,10.638951301574707
SVadvP_19,FR_Word_order,manner,mbert,11.070769887417555,3.841821610927582,3.743229318410158,18.24442134425044,3.841821610927582,8.631016422063112
SVadvP_20,FR_Word_order,manner,mbert,9.177820846438408,7.595536768436432,4.289014503359795,20.362380668520927,7.595536768436432,15.473574325442314
SVadvP_21,FR_Word_order,manner,mbert,17.218619346618652,1.2461627125740051,9.040546417236328,17.218619346618652,10.801934078335762,9.040546417236328
SVadvP_22,FR_Word_order,manner,mbert,22.784055352211,10.290461599826813,11.722561836242676,27.60919427871704,15.726359844207764,11.722561836242676
SVadvP_23,FR_Word_order,manner,mbert,14.548295697197318,4.873652160167694,10.228853225708008,22.423006972298026,14.752233505249023,10.228853225708008
SVadvP_24,FR_Word_order,manner,mbert,11.713212929666042,10.4942656904459,7.325457811355591,22.744809351861477,10.4942656904459,12.73058557510376
SVadvP_25,FR_Word_order,manner,mbert,13.638683319091797,5.597204342484474,7.003356456756592,19.093306064605713,5.597204342484474,12.457979202270508
SVadvP_26,FR_Word_order,manner,mbert,17.11614330019802,20.674242734909058,11.668298721313477,29.120734691619873,20.674242734909058,11.668298721313477
SVadvP_27,FR_Word_order,manner,mbert,19.336448669433594,3.3944714665412903,10.440698623657227,19.336448669433594,3.3944714665412903,10.440698623657227
SVadvP_28,FR_Word_order,manner,mbert,19.856234550476074,12.642730236053467,11.718494415283203,19.856234550476074,12.642730236053467,11.718494415283203
SVadvP_29,FR_Word_order,manner,mbert,6.265049423091114,5.33403080701828,3.0901226652786136,11.111185039393604,5.33403080701828,7.936258281581104
SVadvP_30,FR_Word_order,manner,mbert,14.058612704277039,3.6612490713596344,6.5846928358078,21.431991577148438,8.145634084939957,13.9580717086792
SVadvP_31,FR_Word_order,manner,mbert,17.072726249694824,5.416422188282013,11.745390892028809,17.072726249694824,5.416422188282013,11.745390892028809
SVadvP_32,FR_Word_order,manner,mbert,18.617193579673767,4.267151847481728,10.380023002624512,23.12741184234619,4.267151847481728,10.380023002624512
SadvPV_01,EN_Word_order,frequency,mbert,10.97242558002472,8.38789176940918,5.922276496887207,16.19564938545227,8.38789176940918,5.922276496887207
SadvPV_02,EN_Word_order,frequency,mbert,9.387670814990997,1.0335192941129208,6.607788562774658,12.037764370441437,13.848562188446522,6.607788562774658
SadvPV_03,EN_Word_order,frequency,mbert,10.28716516494751,13.55607795715332,5.279053688049316,10.28716516494751,13.55607795715332,5.279053688049316
SadvPV_04,EN_Word_order,frequency,mbert,10.306322872638702,16.920772260054946,6.555045127868652,13.780695974826813,19.836628144606948,6.555045127868652
SadvPV_05,EN_Word_order,frequency,mbert,10.52367115020752,14.593840837478638,5.5604047775268555,10.52367115020752,15.910271883010864,5.5604047775268555
SadvPV_06,EN_Word_order,frequency,mbert,5.983999729156494,11.759032249450684,4.1085920333862305,12.045703530311584,11.759032249450684,4.1085920333862305
SadvPV_07,EN_Word_order,frequency,mbert,10.652517318725586,7.803258314728737,6.8403401374816895,10.652517318725586,14.292346954345703,6.8403401374816895
SadvPV_08,EN_Word_order,frequency,mbert,7.80687440931797,16.81836885213852,6.563293933868408,13.604759231209755,30.12241095304489,6.563293933868408
SadvPV_09,EN_Word_order,frequency,mbert,6.14787757396698,13.35329794883728,4.460659980773926,6.14787757396698,13.35329794883728,4.460659980773926
SadvPV_10,EN_Word_order,frequency,mbert,10.061188039835542,9.412671327590942,6.4867353439331055,15.082297563552856,9.412671327590942,6.4867353439331055
SadvPV_11,EN_Word_order,frequency,mbert,16.478764533996582,9.412413597106934,4.758774757385254,16.478764533996582,9.412413597106934,4.758774757385254
SadvPV_12,EN_Word_order,frequency,mbert,12.265236765146255,11.15250301361084,4.26540470123291,13.688547044992447,11.15250301361084,4.26540470123291
SadvPV_13,EN_Word_order,frequency,mbert,5.725668836385012,8.532767057418823,5.259679794311523,7.933193821460009,8.532767057418823,5.259679794311523
SadvPV_14,EN_Word_order,frequency,mbert,7.853647768497467,8.97924518585205,6.179122447967529,13.918385088443756,8.97924518585205,6.179122447967529
SadvPV_15,EN_Word_order,frequency,mbert,9.553732872009277,0.8455430449685082,5.834079742431641,9.553732872009277,5.077690223115496,5.834079742431641
SadvPV_16,EN_Word_order,frequency,mbert,10.424897707998753,5.901302814483643,7.24522590637207,13.65855149179697,5.901302814483643,7.24522590637207
SadvPV_17,EN_Word_order,manner,mbert,13.581471920013428,3.4448952674865723,7.040173530578613,16.04121160507202,3.4448952674865723,7.040173530578613
SadvPV_18,EN_Word_order,manner,mbert,13.53508996963501,4.459503784775734,8.91041088104248,13.53508996963501,4.459503784775734,8.91041088104248
SadvPV_19,EN_Word_order,manner,mbert,10.865506028290838,3.8808090835809708,3.545827680733055,15.946454381104559,3.8808090835809708,7.445472055580467
SadvPV_20,EN_Word_order,manner,mbert,9.731140584684908,6.964715152978897,3.738775701262057,17.455058784224093,6.964715152978897,11.462693900801241
SadvPV_21,EN_Word_order,manner,mbert,14.385362148284912,1.2659305837005377,7.469826698303223,14.385362148284912,10.24418594315648,7.469826698303223
SadvPV_22,EN_Word_order,manner,mbert,19.405715584754944,8.627028107643127,7.893158435821533,24.46300506591797,14.13439679145813,7.893158435821533
SadvPV_23,EN_Word_order,manner,mbert,12.25508914142847,4.73749452829361,8.44826602935791,19.851603485643864,13.107919335365295,8.44826602935791
SadvPV_24,EN_Word_order,manner,mbert,8.100762262940407,10.024049941450357,3.587099328637123,19.133918181061745,10.024049941450357,10.09824587404728
SadvPV_25,EN_Word_order,manner,mbert,8.799677927047014,4.164404980838299,1.8501530475914478,17.42718394473195,4.164404980838299,10.477659065276384
SadvPV_26,EN_Word_order,manner,mbert,11.031426346860826,20.2398382127285,7.055342674255371,21.332078456878662,20.2398382127285,7.055342674255371
SadvPV_27,EN_Word_order,manner,mbert,12.442241191864014,3.481072813272476,6.847129821777344,12.442241191864014,3.481072813272476,6.847129821777344
SadvPV_28,EN_Word_order,manner,mbert,14.459663391113281,7.258206605911255,7.7698774337768555,14.459663391113281,7.258206605911255,7.7698774337768555
SadvPV_29,EN_Word_order,manner,mbert,5.107590427563991,4.847296476364136,2.4096777345403098,7.9477937127812766,4.847296476364136,5.249881019757595
SadvPV_30,EN_Word_order,manner,mbert,7.242445692420006,4.006914854049683,1.5159880965948105,14.54158328473568,8.658890724182129,8.815125688910484
SadvPV_31,EN_Word_order,manner,mbert,4.960855603218079,4.2722711861133575,4.221928596496582,4.960855603218079,4.2722711861133575,4.221928596496582
SadvPV_32,EN_Word_order,manner,mbert,14.124756455421448,4.112416051328182,8.262116432189941,18.967773914337158,4.112416051328182,8.262116432189941
